{
  "setting": {},
  "condition": {
    "plugin": {
      "list": []
    },
    "game": {
      "list": []
    },
    "gamePlugin": {
      "list": []
    },
    "miniprogram": {
      "list": [
        {
          "name": "pages/category/index",
          "pathName": "pages/category/index",
          "query": "",
          "scene": null
        },
        {
          "name": "pages/comment/comment",
          "pathName": "pages/comment/comment",
          "query": "goodsid=1181001",
          "scene": null
        }
      ]
    }
  }
}
